Trait	Delta.PC2
20002_1111_PanUKBB_PanUKBBR2_1	0.0153935097069609
20002_1387_PanUKBB_PanUKBBR2_1	0.0121363800638576
ASTCO_Ferreira_30929738_1	0.0310311632366844
CD_DeLange_28067908_1	0.0499821201392161
IBD_DeLange_28067908_1	0.033826068275073
T1D_Chiou_34012112_1	-0.0265979882583544
