Trait	Var.Delta.PC2
20002_1111_PanUKBB_PanUKBBR2_1	6.97625073860563e-06
20002_1387_PanUKBB_PanUKBBR2_1	1.21538052508257e-05
ASTCO_Ferreira_30929738_1	1.78721722922822e-05
CD_DeLange_28067908_1	3.48532639271132e-05
IBD_DeLange_28067908_1	2.08867364992125e-05
T1D_Chiou_34012112_1	2.9582984568617e-05
